name,alias,id,review_count,rating,url,location,coordinates
Press 195,press-195-bayside-2,Y7cKrhINvxMtYGh5I_V60g,942,4.0,https://www.yelp.com/biz/press-195-bayside-2?adjust_creative=bMPz0NoFK6qQZAimQncxVw&utm_campaign=yelp_api_v3&utm_medium=api_v3_graphql&utm_source=bMPz0NoFK6qQZAimQncxVw,"{'city': 'Bayside', 'postal_code': '11361'}","{'latitude': 40.763961, 'longitude': -73.770781}"
FINO wine & tapas,fino-wine-and-tapas-bayside,CZg05roVBkzu1QzxTHfkPw,401,4.0,https://www.yelp.com/biz/fino-wine-and-tapas-bayside?adjust_creative=bMPz0NoFK6qQZAimQncxVw&utm_campaign=yelp_api_v3&utm_medium=api_v3_graphql&utm_source=bMPz0NoFK6qQZAimQncxVw,"{'city': 'Bayside', 'postal_code': '11361'}","{'latitude': 40.76496, 'longitude': -73.77137}"
Fiamma 41,fiamma-41-bayside,lSelLuQYWfKMrYO_Dka_Qw,397,4.0,https://www.yelp.com/biz/fiamma-41-bayside?adjust_creative=bMPz0NoFK6qQZAimQncxVw&utm_campaign=yelp_api_v3&utm_medium=api_v3_graphql&utm_source=bMPz0NoFK6qQZAimQncxVw,"{'city': 'Bayside', 'postal_code': '11361'}","{'latitude': 40.763566, 'longitude': -73.769942}"
Bourbon Street,bourbon-street-bayside-2,4x-lgRcsLHffWP5dvMqNMA,750,3.5,https://www.yelp.com/biz/bourbon-street-bayside-2?adjust_creative=bMPz0NoFK6qQZAimQncxVw&utm_campaign=yelp_api_v3&utm_medium=api_v3_graphql&utm_source=bMPz0NoFK6qQZAimQncxVw,"{'city': 'Bayside', 'postal_code': '11361'}","{'latitude': 40.763854, 'longitude': -73.771405}"
Aperitif Bistro Bayside,aperitif-bistro-bayside-bayside,qWGFjZJ2wJeDzt1QH7t5Xg,450,4.0,https://www.yelp.com/biz/aperitif-bistro-bayside-bayside?adjust_creative=bMPz0NoFK6qQZAimQncxVw&utm_campaign=yelp_api_v3&utm_medium=api_v3_graphql&utm_source=bMPz0NoFK6qQZAimQncxVw,"{'city': 'Bayside', 'postal_code': '11361'}","{'latitude': 40.7655165, 'longitude': -73.7716246}"
Karaoke Christmas,karaoke-christmas-bayside,RHoBxNSt62ONxFk7h6B2Xw,159,4.0,https://www.yelp.com/biz/karaoke-christmas-bayside?adjust_creative=bMPz0NoFK6qQZAimQncxVw&utm_campaign=yelp_api_v3&utm_medium=api_v3_graphql&utm_source=bMPz0NoFK6qQZAimQncxVw,"{'city': 'Bayside', 'postal_code': '11361'}","{'latitude': 40.75594, 'longitude': -73.76686}"
Kokio,kokio-oakland-gardens,kH2hpIJpiDII7U7g3MbwoQ,74,4.0,https://www.yelp.com/biz/kokio-oakland-gardens?adjust_creative=bMPz0NoFK6qQZAimQncxVw&utm_campaign=yelp_api_v3&utm_medium=api_v3_graphql&utm_source=bMPz0NoFK6qQZAimQncxVw,"{'city': 'Oakland Gardens', 'postal_code': '11364'}","{'latitude': 40.7494409, 'longitude': -73.7551873}"
Papazzio Restaurant,papazzio-restaurant-bayside,l6hRu596DATgmdc7gngg0A,199,4.0,https://www.yelp.com/biz/papazzio-restaurant-bayside?adjust_creative=bMPz0NoFK6qQZAimQncxVw&utm_campaign=yelp_api_v3&utm_medium=api_v3_graphql&utm_source=bMPz0NoFK6qQZAimQncxVw,"{'city': 'Bayside', 'postal_code': '11361'}","{'latitude': 40.764232, 'longitude': -73.771625}"
House Of Hookah,house-of-hookah-bayside,1iidETKBBYe5nveeGJlhEg,149,4.0,https://www.yelp.com/biz/house-of-hookah-bayside?adjust_creative=bMPz0NoFK6qQZAimQncxVw&utm_campaign=yelp_api_v3&utm_medium=api_v3_graphql&utm_source=bMPz0NoFK6qQZAimQncxVw,"{'city': 'Bayside', 'postal_code': '11361'}","{'latitude': 40.7650762, 'longitude': -73.7714617}"
Spanglish NYC,spanglish-nyc-bayside,c2FGnIxjrX_xh8DBeSYPRA,146,4.0,https://www.yelp.com/biz/spanglish-nyc-bayside?adjust_creative=bMPz0NoFK6qQZAimQncxVw&utm_campaign=yelp_api_v3&utm_medium=api_v3_graphql&utm_source=bMPz0NoFK6qQZAimQncxVw,"{'city': 'Bayside', 'postal_code': '11361'}","{'latitude': 40.764108, 'longitude': -73.771527}"
The Oasis Cafe,the-oasis-cafe-flushing-3,grUacswReihhwYx9Ta0bAg,315,3.5,https://www.yelp.com/biz/the-oasis-cafe-flushing-3?adjust_creative=bMPz0NoFK6qQZAimQncxVw&utm_campaign=yelp_api_v3&utm_medium=api_v3_graphql&utm_source=bMPz0NoFK6qQZAimQncxVw,"{'city': 'Flushing', 'postal_code': '11358'}","{'latitude': 40.757503, 'longitude': -73.784331}"
Cue Bar,cue-bar-bayside-2,JzJc1Ilsh81twYAYtCMJXg,190,3.0,https://www.yelp.com/biz/cue-bar-bayside-2?adjust_creative=bMPz0NoFK6qQZAimQncxVw&utm_campaign=yelp_api_v3&utm_medium=api_v3_graphql&utm_source=bMPz0NoFK6qQZAimQncxVw,"{'city': 'Bayside', 'postal_code': '11361'}","{'latitude': 40.75971, 'longitude': -73.76941}"
Brian Dempsey's,brian-dempseys-bayside,PZKv6Nj9XcA2xB8qNx1p2A,160,3.5,https://www.yelp.com/biz/brian-dempseys-bayside?adjust_creative=bMPz0NoFK6qQZAimQncxVw&utm_campaign=yelp_api_v3&utm_medium=api_v3_graphql&utm_source=bMPz0NoFK6qQZAimQncxVw,"{'city': 'Bayside', 'postal_code': '11361'}","{'latitude': 40.7642593383789, 'longitude': -73.7713317871094}"
Hooters,hooters-fresh-meadows,PpX-FxKK2DcB17rnTVpEeg,530,2.5,https://www.yelp.com/biz/hooters-fresh-meadows?adjust_creative=bMPz0NoFK6qQZAimQncxVw&utm_campaign=yelp_api_v3&utm_medium=api_v3_graphql&utm_source=bMPz0NoFK6qQZAimQncxVw,"{'city': 'Fresh Meadows', 'postal_code': '11365'}","{'latitude': 40.7407199542533, 'longitude': -73.7842514579938}"
Pyramids Hookah & Bar,pyramids-hookah-and-bar-bayside,CMUyC6MUsyBRahUabxwaoQ,133,3.5,https://www.yelp.com/biz/pyramids-hookah-and-bar-bayside?adjust_creative=bMPz0NoFK6qQZAimQncxVw&utm_campaign=yelp_api_v3&utm_medium=api_v3_graphql&utm_source=bMPz0NoFK6qQZAimQncxVw,"{'city': 'Bayside', 'postal_code': '11361'}","{'latitude': 40.7637545032632, 'longitude': -73.7711870670319}"
Monahan & Fitzgerald,monahan-and-fitzgerald-bayside-3,QYZBTRLB54MyL3-MsegzKA,71,4.0,https://www.yelp.com/biz/monahan-and-fitzgerald-bayside-3?adjust_creative=bMPz0NoFK6qQZAimQncxVw&utm_campaign=yelp_api_v3&utm_medium=api_v3_graphql&utm_source=bMPz0NoFK6qQZAimQncxVw,"{'city': 'Bayside', 'postal_code': '11361'}","{'latitude': 40.76389, 'longitude': -73.77029}"
Laterna Restaurant,laterna-restaurant-bayside-3,hNR713rfrHjF-V-fG2XUPw,43,3.5,https://www.yelp.com/biz/laterna-restaurant-bayside-3?adjust_creative=bMPz0NoFK6qQZAimQncxVw&utm_campaign=yelp_api_v3&utm_medium=api_v3_graphql&utm_source=bMPz0NoFK6qQZAimQncxVw,"{'city': 'Bayside', 'postal_code': '11361'}","{'latitude': 40.756342, 'longitude': -73.7677809}"
Nono,nono-bayside,xpS_j65czCpJkPrMjL19QQ,57,3.5,https://www.yelp.com/biz/nono-bayside?adjust_creative=bMPz0NoFK6qQZAimQncxVw&utm_campaign=yelp_api_v3&utm_medium=api_v3_graphql&utm_source=bMPz0NoFK6qQZAimQncxVw,"{'city': 'Bayside', 'postal_code': '11361'}","{'latitude': 40.762376, 'longitude': -73.7701883}"
Alley Pond Sports Bar & Grill,alley-pond-sports-bar-and-grill-douglaston,9yORP4XLlAzMI42Ug0pgUw,75,3.5,https://www.yelp.com/biz/alley-pond-sports-bar-and-grill-douglaston?adjust_creative=bMPz0NoFK6qQZAimQncxVw&utm_campaign=yelp_api_v3&utm_medium=api_v3_graphql&utm_source=bMPz0NoFK6qQZAimQncxVw,"{'city': 'Douglaston', 'postal_code': '11362'}","{'latitude': 40.764199, 'longitude': -73.749142}"
Hatfields,hatfields-queens,0gDkOvVBRVajg1vZbhQbEQ,45,4.0,https://www.yelp.com/biz/hatfields-queens?adjust_creative=bMPz0NoFK6qQZAimQncxVw&utm_campaign=yelp_api_v3&utm_medium=api_v3_graphql&utm_source=bMPz0NoFK6qQZAimQncxVw,"{'city': 'Queens', 'postal_code': '11361'}","{'latitude': 40.76406, 'longitude': -73.77084}"
Staunton's Irish/Peruvian Bar Restaurant,stauntons-irish-peruvian-bar-restaurant-oakland-gardens,YvUKpAeFBBIkdVpX6l8scQ,29,3.5,https://www.yelp.com/biz/stauntons-irish-peruvian-bar-restaurant-oakland-gardens?adjust_creative=bMPz0NoFK6qQZAimQncxVw&utm_campaign=yelp_api_v3&utm_medium=api_v3_graphql&utm_source=bMPz0NoFK6qQZAimQncxVw,"{'city': 'Oakland Gardens', 'postal_code': '11364'}","{'latitude': 40.735996, 'longitude': -73.7464134}"
Local Pour House,local-pour-house-queens-2,q9oXdIk5DfrDYoVOTXik1w,32,3.0,https://www.yelp.com/biz/local-pour-house-queens-2?adjust_creative=bMPz0NoFK6qQZAimQncxVw&utm_campaign=yelp_api_v3&utm_medium=api_v3_graphql&utm_source=bMPz0NoFK6qQZAimQncxVw,"{'city': 'Queens', 'postal_code': '11361'}","{'latitude': 40.7636506, 'longitude': -73.7716829}"
Winchester's,winchesters-queens-village,avrbPKQqsMfx5q0pCRI-vg,10,3.5,https://www.yelp.com/biz/winchesters-queens-village?adjust_creative=bMPz0NoFK6qQZAimQncxVw&utm_campaign=yelp_api_v3&utm_medium=api_v3_graphql&utm_source=bMPz0NoFK6qQZAimQncxVw,"{'city': 'Queens Village', 'postal_code': '11427'}","{'latitude': 40.733327, 'longitude': -73.736551}"
Nap TIme Liquid Creation,nap-time-liquid-creation-blauvelt,xygb0i04Ug0-V0flZ7gEDg,3,4.5,https://www.yelp.com/biz/nap-time-liquid-creation-blauvelt?adjust_creative=bMPz0NoFK6qQZAimQncxVw&utm_campaign=yelp_api_v3&utm_medium=api_v3_graphql&utm_source=bMPz0NoFK6qQZAimQncxVw,"{'city': 'Blauvelt', 'postal_code': '10913'}","{'latitude': 41.07956, 'longitude': -73.95426}"
